Topic,Title,URL,Comments,Likes,Khiem,Brett,Noushin,Label
Trump Impeachment,The Five' slams House Democrats' 'impeachment 2.0',https://www.youtube.com/watch?v=AX96tOm2CPg,Impeachment: *INFINITY WAR*,35,0,0,0,0
Trump Impeachment,Trey Gowdy reacts to news of unlikely investigation into Obama,https://www.youtube.com/watch?v=pejREEOd4NY,We all watched this man violate the law and constitution for 8 years from fast and furious to Benghazi to DACA to the Iranian nuke deal and on and on but obama never committed any crimes right,0,0,0,0,0
Trump Impeachment,Collins: Trump will get reelected because of Pelosi,https://www.youtube.com/watch?v=1_AGDr1UomY,"Nancy: ""no he was not acquitted and I have my hands over my ears ya ya ya ya ya""",18,0,0,0,0
Trump Impeachment,The Five' slams House Democrats' 'impeachment 2.0',https://www.youtube.com/watch?v=AX96tOm2CPg,"""We've seen it all, weve actually seen too much""... üòÇüòÇ",0,0,0,0,0
Trump Impeachment,The Five' slams House Democrats' 'impeachment 2.0',https://www.youtube.com/watch?v=AX96tOm2CPg,TRUMP 2020üéâ,36,0,0,0,0
Trump Impeachment,Trey Gowdy reacts to news of unlikely investigation into Obama,https://www.youtube.com/watch?v=pejREEOd4NY,They have that impeachment and censure,0,0,0,0,0
Trump Impeachment,Trey Gowdy reacts to news of unlikely investigation into Obama,https://www.youtube.com/watch?v=pejREEOd4NY,How about impeaching some of these judges who decide to make their own law instead of interpreting the law. Sickening.,0,1,1,1,1
Trump Impeachment,Collins: Trump will get reelected because of Pelosi,https://www.youtube.com/watch?v=1_AGDr1UomY,Didn't Pelosi say that she was going to resign if President Trump was acquitted? Why hasn't she been removed from office??!,79,,0,0,0
Trump Impeachment,Collins: Trump will get reelected because of Pelosi,https://www.youtube.com/watch?v=1_AGDr1UomY,"Truth be told, I had a hard time listening to Collins with Emily Compagno sitting there. üòúü§§",5,1,0,1,1
Trump Impeachment,The Five' slams House Democrats' 'impeachment 2.0',https://www.youtube.com/watch?v=AX96tOm2CPg,"That ‚ÄúGraham investigation‚Äù....

Believe it only when you see it.",3,,0,0,0
Trump Impeachment,Collins: Trump will get reelected because of Pelosi,https://www.youtube.com/watch?v=1_AGDr1UomY,Make Pelosi and the Evil Democrats actually pay the costs for this fiasco.,54,1,1,1,1
Trump Impeachment,The Five' slams House Democrats' 'impeachment 2.0',https://www.youtube.com/watch?v=AX96tOm2CPg,"*Biden‚Äôs response to Tara Read‚Äôs allegations: ‚ÄúI seem to remember her, but I just can‚Äôt put my finger in‚Ä¶ err‚Ä¶ on it.‚Äù*",64,1,1,1,1
Trump Impeachment,Trey Gowdy reacts to news of unlikely investigation into Obama,https://www.youtube.com/watch?v=pejREEOd4NY,"Its hilarious how since Dana Perino got her makeover how weird a lot of the interractions with her male collegegues have become.  Tucker treats her like a princess and Gowdy just seem, idk, jealous? of her pod cast cohost.. lol",0,0,0,0,0
Trump Impeachment,The Five' slams House Democrats' 'impeachment 2.0',https://www.youtube.com/watch?v=AX96tOm2CPg,I can‚Äôt even watch because I‚Äôm sure it‚Äôs the ‚Äú4‚Äù and Juan Williams who feels it‚Äôs all valid and not a hoax.,1,0,0,0,0
Trump Impeachment,The Five' slams House Democrats' 'impeachment 2.0',https://www.youtube.com/watch?v=AX96tOm2CPg,*The DemonRATS favorite Doom‚Äôs Day Cult Leader: Greta Thunberg!üòÇüòÇüòÇ*,99,1,1,1,1
Trump Impeachment,Collins: Trump will get reelected because of Pelosi,https://www.youtube.com/watch?v=1_AGDr1UomY,President Trump will get re-elected because he's a great President. Doug Collins loves our President too. I'm for Doug Collins down here in Georgia. üòä‚úùÔ∏èüá∫üá∏,22,0,0,0,0
Trump Impeachment,Trey Gowdy reacts to news of unlikely investigation into Obama,https://www.youtube.com/watch?v=pejREEOd4NY,What a septic tank swill hole of government. It's like going to a Baptist Church business meeting.,1,0,0,0,0
Trump Impeachment,Trey Gowdy reacts to news of unlikely investigation into Obama,https://www.youtube.com/watch?v=pejREEOd4NY,They are not ‚Äúfolks‚Äù they are criminals!,14,0,0,0,0
Trump Impeachment,The Five' slams House Democrats' 'impeachment 2.0',https://www.youtube.com/watch?v=AX96tOm2CPg,"Good they put juan at the end, I will stop listening when he comes on.",1,0,0,0,0
Trump Impeachment,Collins: Trump will get reelected because of Pelosi,https://www.youtube.com/watch?v=1_AGDr1UomY,The Republicans need to keep an eye on voter fraud from the sickning left.,339,1,1,1,1
Trump Impeachment,Trey Gowdy reacts to news of unlikely investigation into Obama,https://www.youtube.com/watch?v=pejREEOd4NY,Trey time to come out of the closet and tell everyone that you are a Democrat pretending to be a Republican.,5,0,0,0,0
Trump Impeachment,The Five' slams House Democrats' 'impeachment 2.0',https://www.youtube.com/watch?v=AX96tOm2CPg,"Lol, when i cant spell his name but when the black guy smiles omg he is straight against what your about to say automatically",1,0,0,0,0
Trump Impeachment,Collins: Trump will get reelected because of Pelosi,https://www.youtube.com/watch?v=1_AGDr1UomY,"The DNC gave up on the Presidential race long ago, all their efforts are concentrated on fixing the election to win both Houses",92,1,1,1,1
Trump Impeachment,Collins: Trump will get reelected because of Pelosi,https://www.youtube.com/watch?v=1_AGDr1UomY,"too much leg,girl-otherwise I like her on the ""5""because she's actually intelligent,not just sexy.",1,0,0,0,0
Trump Impeachment,Trey Gowdy reacts to news of unlikely investigation into Obama,https://www.youtube.com/watch?v=pejREEOd4NY,This guy talks a lot. But when it counted he did precisely jack.,18,0,0,0,0
Trump Impeachment,The Five' slams House Democrats' 'impeachment 2.0',https://www.youtube.com/watch?v=AX96tOm2CPg,"Technically, Impeachment 4.0",3,0,0,0,0
Trump Impeachment,The Five' slams House Democrats' 'impeachment 2.0',https://www.youtube.com/watch?v=AX96tOm2CPg,"LOL juan saying he believes in the constitution, is just one of the most laughable things ive ever heard.  Surprised the rest of the panel could even keep a straight face.",313,0,0,0,0
Trump Impeachment,Trey Gowdy reacts to news of unlikely investigation into Obama,https://www.youtube.com/watch?v=pejREEOd4NY,Absolutely.,1,0,0,0,0
Trump Impeachment,The Five' slams House Democrats' 'impeachment 2.0',https://www.youtube.com/watch?v=AX96tOm2CPg,Yeah!!! Same old s*** different day!! Shovel it around and get nowhere!!üò£üòûüòí whateverüôèüôèüôèüòî,13,0,0,0,0
Trump Impeachment,Trey Gowdy reacts to news of unlikely investigation into Obama,https://www.youtube.com/watch?v=pejREEOd4NY,"We already have a way to hold them accountable. It's called the LAW They've already BROKEN!!!! Almost every one of them is involved in some shady deal or another. If Graham even thinks about calling these treasonous rat bastards to account, they simply say ""we'll expose you for the same crooked deals.""  It's devilish what they get away with.",0,1,1,1,1
Trump Impeachment,The Five' slams House Democrats' 'impeachment 2.0',https://www.youtube.com/watch?v=AX96tOm2CPg,We Americans cannot  wait until the entire government is Republican again in 2020! Trump 2020!!,3,0,0,0,0
Trump Impeachment,The Five' slams House Democrats' 'impeachment 2.0',https://www.youtube.com/watch?v=AX96tOm2CPg,"The Dems are so desperate for power again it‚Äôs frightening. 
Let‚Äôs make sure they never get it. Go vote!!!!!!",29,0,0,0,0
Trump Impeachment,The Five' slams House Democrats' 'impeachment 2.0',https://www.youtube.com/watch?v=AX96tOm2CPg,"The way Juan reacts, it's as if what the rest of the Five are saying is, somewhat conspiracy theories...Juan hers some advise....Obama was a corrupt, incompetent President and there is factual evidence that shows it.",72,1,1,1,1
Trump Impeachment,The Five' slams House Democrats' 'impeachment 2.0',https://www.youtube.com/watch?v=AX96tOm2CPg,"*Best actress oscar goes to Nancy ""the ripper"" Pelosi for her stunning performance in the movie ""acquitted"".*",21,1,0,1,1
Trump Impeachment,Collins: Trump will get reelected because of Pelosi,https://www.youtube.com/watch?v=1_AGDr1UomY,Also Nancy: ‚Äú Everyone my age pees their pants ITS THE COOLEST!!‚Äù,8,1,0,1,1
Trump Impeachment,Collins: Trump will get reelected because of Pelosi,https://www.youtube.com/watch?v=1_AGDr1UomY,He will get re-elected because of his achievements and in keeping his promises and due to the sense of his policies despite the lies and false accusations and slander by Pelosi !,3,0,0,1,0
Trump Impeachment,The Five' slams House Democrats' 'impeachment 2.0',https://www.youtube.com/watch?v=AX96tOm2CPg,They just want to say he's under Investigation during the election.,37,0,0,0,0
Trump Impeachment,The Five' slams House Democrats' 'impeachment 2.0',https://www.youtube.com/watch?v=AX96tOm2CPg,Someone please get that jag-off Juan off this show!!!,2,0,0,0,0
Trump Impeachment,Collins: Trump will get reelected because of Pelosi,https://www.youtube.com/watch?v=1_AGDr1UomY,What have the Democrats actually done these past few years....nothing,17,1,1,1,1
Trump Impeachment,The Five' slams House Democrats' 'impeachment 2.0',https://www.youtube.com/watch?v=AX96tOm2CPg,*‚ÄúWe need to rebuild trust..‚Äù says the woman that bleach bitted 30k emails*,177,1,1,1,1
Trump Impeachment,The Five' slams House Democrats' 'impeachment 2.0',https://www.youtube.com/watch?v=AX96tOm2CPg,"There ABSOLUTELY needs to be accountability and criminal charges against OBAMA, BIDEN, AND HILLARY! Also democrat leadership from Schiff to Pelosi, Nadler, Schumer, AND MOST DEFINITELY HILLARY!üíØüá∫üá∏",106,1,1,1,1
Trump Impeachment,The Five' slams House Democrats' 'impeachment 2.0',https://www.youtube.com/watch?v=AX96tOm2CPg,"Juan's Conservative children have to be the most embarrassed kids in the world when someone ask ""who is your father?""",54,0,0,0,0
Trump Impeachment,Collins: Trump will get reelected because of Pelosi,https://www.youtube.com/watch?v=1_AGDr1UomY,"Pelosi is a trump secret agent, she trying get him re-elected with her antics",4,0,0,0,0
Trump Impeachment,The Five' slams House Democrats' 'impeachment 2.0',https://www.youtube.com/watch?v=AX96tOm2CPg,"*Joe Biden says he has ""no idea what his son was doing."" Hmmm, well that's easy to believe because Joe Biden has no idea what Joe Biden is doing. üòÇ*",38,1,1,1,1
Trump Impeachment,Trey Gowdy reacts to news of unlikely investigation into Obama,https://www.youtube.com/watch?v=pejREEOd4NY,Funny how the Left can investigate on made up evidence and keep going despite it being debunked. All the while the real evidence points to these so called investigators. Tired of this double standard.,11,1,1,1,1
Trump Impeachment,The Five' slams House Democrats' 'impeachment 2.0',https://www.youtube.com/watch?v=AX96tOm2CPg,"Juan ,, spews false laws from his lips and he's wrong ,,,, dang ,, ONE WRONG JUAN....",2,0,0,0,0
Trump Impeachment,Trey Gowdy reacts to news of unlikely investigation into Obama,https://www.youtube.com/watch?v=pejREEOd4NY,When did Ellen become an attorney?,0,0,0,0,0
Trump Impeachment,Trey Gowdy reacts to news of unlikely investigation into Obama,https://www.youtube.com/watch?v=pejREEOd4NY,*It's time for the democrat party to collapse.*,2,0,0,0,0
Trump Impeachment,Trey Gowdy reacts to news of unlikely investigation into Obama,https://www.youtube.com/watch?v=pejREEOd4NY,I sure hope all these probes and court costs come out of their pockets not ours!,1,0,0,0,0
Trump Impeachment,Trey Gowdy reacts to news of unlikely investigation into Obama,https://www.youtube.com/watch?v=pejREEOd4NY,"We don‚Äôt need more ways Trey, we already h e laws on the book that I‚Äôve been broken, what we need is weak Republicans to stand up and push for charges against treasonous criminals in Washington.",1,0,0,0,0
Trump Impeachment,Trey Gowdy reacts to news of unlikely investigation into Obama,https://www.youtube.com/watch?v=pejREEOd4NY,"Did you hear what he said, ""nothing thats what""  they are all frightened of Killery, yes Killery",7,0,0,0,0
Trump Impeachment,The Five' slams House Democrats' 'impeachment 2.0',https://www.youtube.com/watch?v=AX96tOm2CPg,PLEASE DON'T TELL ME THERE'S GOING TO BE A SECOND IMPEACHMENTüòî,1,0,0,0,0
Trump Impeachment,Trey Gowdy reacts to news of unlikely investigation into Obama,https://www.youtube.com/watch?v=pejREEOd4NY,"Gowdy, you're going to jail!",8,0,1,0,0
Trump Impeachment,Collins: Trump will get reelected because of Pelosi,https://www.youtube.com/watch?v=1_AGDr1UomY,Pelosi is sooo pissed at the AOC  for putting her through this.,22,0,1,0,1
Trump Impeachment,Collins: Trump will get reelected because of Pelosi,https://www.youtube.com/watch?v=1_AGDr1UomY,He'll get reelected because he's a great president! Four more years!!!!!,60,0,0,0,0
Trump Impeachment,The Five' slams House Democrats' 'impeachment 2.0',https://www.youtube.com/watch?v=AX96tOm2CPg,‚ÄãPresident Obama told FBI`s Comey to start investigating Flynn without any legitimate investigative basis. Their purpose with that was to harm Trump and his campaign. They both acted for Hillary Clinton.,45,1,1,1,1
Trump Impeachment,Trey Gowdy reacts to news of unlikely investigation into Obama,https://www.youtube.com/watch?v=pejREEOd4NY,"Is the Flynn case being done ""by the book""?  (joke)  Or has every single thing that they they have done so far  turned out to be shady as heck.  (truth)",0,0,0,0,0
Trump Impeachment,The Five' slams House Democrats' 'impeachment 2.0',https://www.youtube.com/watch?v=AX96tOm2CPg,"""The law is the law"" only when it favors the left's agenda.",11,0,0,0,0
Trump Impeachment,Trey Gowdy reacts to news of unlikely investigation into Obama,https://www.youtube.com/watch?v=pejREEOd4NY,"Thank you lyndsey sessions, uh uh, gowdy, I mean trey gowdy",2,0,0,0,0
Trump Impeachment,Collins: Trump will get reelected because of Pelosi,https://www.youtube.com/watch?v=1_AGDr1UomY,"Trump will get re-elected, b/c he‚Äôs done everything, he said he would do!!!!  The Rats & sum Republicans, can‚Äôt stand what this outsider has done in 3 yrs, that they couldn‚Äôt do in 20-30 yrs!!!!  He‚Äôs getting my vote AGAIN!!!!",17,0,0,0,0
Trump Impeachment,The Five' slams House Democrats' 'impeachment 2.0',https://www.youtube.com/watch?v=AX96tOm2CPg,"*""Fredo Cuomo is doing his show from his wife's basement"" (as she is upstairs getting railed by her boyfriend).*",3,1,0,1,1
Trump Impeachment,The Five' slams House Democrats' 'impeachment 2.0',https://www.youtube.com/watch?v=AX96tOm2CPg,Seriously get rid of Juan.,3,0,0,0,0
Trump Impeachment,The Five' slams House Democrats' 'impeachment 2.0',https://www.youtube.com/watch?v=AX96tOm2CPg,"This is a coup against the president, the country and the constitution.",13,0,0,0,0
Trump Impeachment,The Five' slams House Democrats' 'impeachment 2.0',https://www.youtube.com/watch?v=AX96tOm2CPg,They know what is going to happen in November and they‚Äôre terrified.,190,0,0,0,0
Trump Impeachment,Collins: Trump will get reelected because of Pelosi,https://www.youtube.com/watch?v=1_AGDr1UomY,She needs to be committed,76,0,0,0,0
Trump Impeachment,Trey Gowdy reacts to news of unlikely investigation into Obama,https://www.youtube.com/watch?v=pejREEOd4NY,"Ask her out, Trey! üòò",0,0,0,0,0
Trump Impeachment,The Five' slams House Democrats' 'impeachment 2.0',https://www.youtube.com/watch?v=AX96tOm2CPg,"*Remove them from the House, so we can get this country on the ball.*",4,0,0,0,0
Trump Impeachment,The Five' slams House Democrats' 'impeachment 2.0',https://www.youtube.com/watch?v=AX96tOm2CPg,I guess Juan does not know that there is something called the federal rules of criminal procedure.,6,0,0,0,0
Trump Impeachment,Trey Gowdy reacts to news of unlikely investigation into Obama,https://www.youtube.com/watch?v=pejREEOd4NY,"Gowdy's a sellout just like the rest of them, he could've stopped it long ago and never did.",32,0,0,0,0
Trump Impeachment,Trey Gowdy reacts to news of unlikely investigation into Obama,https://www.youtube.com/watch?v=pejREEOd4NY,*The left is literally insane. Change my mind*,139,0,0,0,0
Trump Impeachment,Trey Gowdy reacts to news of unlikely investigation into Obama,https://www.youtube.com/watch?v=pejREEOd4NY,"Trey, the problem is that No one is being held accountable. The Congress is the biggest part of our problem in the US.",60,0,0,0,0
Trump Impeachment,Trey Gowdy reacts to news of unlikely investigation into Obama,https://www.youtube.com/watch?v=pejREEOd4NY,"No views, but 18 likes including mine and 1 dislike?",1,0,0,0,0
Trump Impeachment,The Five' slams House Democrats' 'impeachment 2.0',https://www.youtube.com/watch?v=AX96tOm2CPg,Shame on the Dems.  This bunch should never be reelected again.,106,0,0,0,0
Trump Impeachment,Collins: Trump will get reelected because of Pelosi,https://www.youtube.com/watch?v=1_AGDr1UomY,"The impeachment has been a blessing in disguise, because God has used it to actually expose the real enemy/enemies. It has been unjust, yes, yes, yes, but it is the way to expose who the real enemy is.",2,0,0,0,0
Trump Impeachment,Collins: Trump will get reelected because of Pelosi,https://www.youtube.com/watch?v=1_AGDr1UomY,She drank her way through it .,10,0,0,0,0
Trump Impeachment,Trey Gowdy reacts to news of unlikely investigation into Obama,https://www.youtube.com/watch?v=pejREEOd4NY,Listen up Trey!!! We The People DID NOT ELECT Dems like Schiff and Noodler!! DEAD PEOPLE DID!,49,1,1,1,1
Trump Impeachment,The Five' slams House Democrats' 'impeachment 2.0',https://www.youtube.com/watch?v=AX96tOm2CPg,"Democrats no longer represent the American people, its taxation without representation.",49,0,0,0,0
Trump Impeachment,Trey Gowdy reacts to news of unlikely investigation into Obama,https://www.youtube.com/watch?v=pejREEOd4NY,We need Trey Gowdy's to head the FBI  for our country.i do feel he is a honorable man.,1,0,0,0,0
Trump Impeachment,The Five' slams House Democrats' 'impeachment 2.0',https://www.youtube.com/watch?v=AX96tOm2CPg,*Dying from coronavirus doesn't scare me. Voting DemonRAT when I'm dead does!*,65,0,0,1,0
Trump Impeachment,Collins: Trump will get reelected because of Pelosi,https://www.youtube.com/watch?v=1_AGDr1UomY,No one knows what mumbling Nancy is saying. She‚Äôs trying to say ‚ÄúI‚Äôm having a stroke‚Äù.,11,0,0,0,0
Trump Impeachment,Collins: Trump will get reelected because of Pelosi,https://www.youtube.com/watch?v=1_AGDr1UomY,"PELOSI is MENTALLY impaired.
America needs to be led a REAL SPEAKER of the HOUSE OF REPRESENTATIVES.",175,0,0,0,0
Trump Impeachment,The Five' slams House Democrats' 'impeachment 2.0',https://www.youtube.com/watch?v=AX96tOm2CPg,I always fast forward when the jerk jaun speaks.  Wouldn‚Äôt waste my time listening to his stupid comments anymore.,1,0,0,0,0
Trump Impeachment,Collins: Trump will get reelected because of Pelosi,https://www.youtube.com/watch?v=1_AGDr1UomY,Trump will win regardless of Pelosi,228,0,0,0,0
Trump Impeachment,Collins: Trump will get reelected because of Pelosi,https://www.youtube.com/watch?v=1_AGDr1UomY,What we need to work on is getting that damned logo off the screen.,2,0,0,0,0
Trump Impeachment,Trey Gowdy reacts to news of unlikely investigation into Obama,https://www.youtube.com/watch?v=pejREEOd4NY,AMERICA WE STAY STRONG DURING THIS TIME,76,0,0,0,0
Trump Impeachment,The Five' slams House Democrats' 'impeachment 2.0',https://www.youtube.com/watch?v=AX96tOm2CPg,"I want them to impeach, they will love the red tsunami in November ü§£",24,0,0,0,0
Trump Impeachment,Trey Gowdy reacts to news of unlikely investigation into Obama,https://www.youtube.com/watch?v=pejREEOd4NY,"Is this really Trey Gowdy, with that fancy new hair cut and the new suit along with his nonstop lying and covering for the Deep state scum I thought he was Anderson Cooper.  Wow my bad.",0,0,0,0,0
Trump Impeachment,Trey Gowdy reacts to news of unlikely investigation into Obama,https://www.youtube.com/watch?v=pejREEOd4NY,Think of military martial justice for those enemies of the country!,39,0,0,0,0
Trump Impeachment,The Five' slams House Democrats' 'impeachment 2.0',https://www.youtube.com/watch?v=AX96tOm2CPg,"""You've actually seen too much.""
When Hillary Reveals Her FINAL FORM, then we can All Agree that We've Seen WAAAY Too Much. Can We Get Some Eye Bleach Over Here, Please?",0,1,1,0,1
Trump Impeachment,The Five' slams House Democrats' 'impeachment 2.0',https://www.youtube.com/watch?v=AX96tOm2CPg,Let Schiff release all of his hidden docs and out the fake whistleblower Spy,311,0,0,0,0
Trump Impeachment,The Five' slams House Democrats' 'impeachment 2.0',https://www.youtube.com/watch?v=AX96tOm2CPg,"If Juan wants to be an expert, then he should spend time learning the rules.",15,0,0,0,0
Trump Impeachment,Trey Gowdy reacts to news of unlikely investigation into Obama,https://www.youtube.com/watch?v=pejREEOd4NY,All them that talk tough now want to pop the Democrats on the hand and tell him to go to their room,0,0,0,0,0
Trump Impeachment,Trey Gowdy reacts to news of unlikely investigation into Obama,https://www.youtube.com/watch?v=pejREEOd4NY,Start impeachment against Pelosy  and others especially shift do to them what they have done to others,6,1,1,1,1
Trump Impeachment,Trey Gowdy reacts to news of unlikely investigation into Obama,https://www.youtube.com/watch?v=pejREEOd4NY,"Amen.,.....",0,0,0,0,0
Trump Impeachment,Collins: Trump will get reelected because of Pelosi,https://www.youtube.com/watch?v=1_AGDr1UomY,Yes let's get a party in there that will do their job and do something for the people thank you representative Collins,45,0,0,0,0
Trump Impeachment,Collins: Trump will get reelected because of Pelosi,https://www.youtube.com/watch?v=1_AGDr1UomY,"PELOSI'S LIPS, YUK! -- I'VE SEEN BETTER LOOKING LIPS ON THE NORTH SIDE OF A SOUTH-BOUND MILK COW!!!",3,0,0,0,0
Trump Impeachment,Collins: Trump will get reelected because of Pelosi,https://www.youtube.com/watch?v=1_AGDr1UomY,"No, dummy,... Trump will win because of his policies, and the fact that they actually work.",23,0,0,0,0
Trump Impeachment,Trey Gowdy reacts to news of unlikely investigation into Obama,https://www.youtube.com/watch?v=pejREEOd4NY,"And you wonder why ""most"" of the American people have lost complete faith in the government. Especially the Democrats!!!",44,0,0,0,0
Trump Impeachment,Trey Gowdy reacts to news of unlikely investigation into Obama,https://www.youtube.com/watch?v=pejREEOd4NY,HELL YES we need to be able to punish law breakers in Washington. DC has created a set of rules for themselves that no other American would get away with.,33,0,0,0,0
Trump Impeachment,Trey Gowdy reacts to news of unlikely investigation into Obama,https://www.youtube.com/watch?v=pejREEOd4NY,"Conservatives who live in a bubble are often surprised when outsiders fail to relate to the bubble's interior.

Seriously. We on the outside, have no effin' idea what you conservatives are talking about. We can't keep track of your conspiracy theories, word salads, and moving the goal posts all of the time.",0,0,0,0,0
Trump Impeachment,The Five' slams House Democrats' 'impeachment 2.0',https://www.youtube.com/watch?v=AX96tOm2CPg,‚ÄúStopped watching the sequels after the second one‚Äù he is the chosen one,4,0,0,0,0
Trump Impeachment,Trey Gowdy reacts to news of unlikely investigation into Obama,https://www.youtube.com/watch?v=pejREEOd4NY,Trey bark but no bite Gowdy,45,0,0,0,0
Trump Impeachment,Trey Gowdy reacts to news of unlikely investigation into Obama,https://www.youtube.com/watch?v=pejREEOd4NY,Two tiers of justice in America. One for Democrats and one for the rest of us...,55,0,0,0,0
Trump Impeachment,Trey Gowdy reacts to news of unlikely investigation into Obama,https://www.youtube.com/watch?v=pejREEOd4NY,"Can someone please ask Mr Gowdy, why he and Paul Ryan stifled subpoena request during Trumps first two years in office? Russia! Russia! Russia!",1,1,1,1,1
Trump Impeachment,The Five' slams House Democrats' 'impeachment 2.0',https://www.youtube.com/watch?v=AX96tOm2CPg,Please take Juan off this show. This show is too good. He ruins everything.,6,0,0,0,0
Trump Impeachment,Trey Gowdy reacts to news of unlikely investigation into Obama,https://www.youtube.com/watch?v=pejREEOd4NY,*They should put a democrat politician in jail for every criminal they let go.*,11,1,1,1,1
Trump Impeachment,Trey Gowdy reacts to news of unlikely investigation into Obama,https://www.youtube.com/watch?v=pejREEOd4NY,"When Gowdy had the opportunity and power to do something, he QUIT! He had a way that could have been at least a start, he still thinks we buy his lines? No, he's like Graham.. Rino.",0,1,1,1,1
Trump Impeachment,The Five' slams House Democrats' 'impeachment 2.0',https://www.youtube.com/watch?v=AX96tOm2CPg,I have to click away whenever Juan starts spouting his b.s.,35,0,0,0,0
Trump Impeachment,Collins: Trump will get reelected because of Pelosi,https://www.youtube.com/watch?v=1_AGDr1UomY,"Trump will get reelected because of his accomplishments ,abilities and character.",35,0,0,0,0
Trump Impeachment,The Five' slams House Democrats' 'impeachment 2.0',https://www.youtube.com/watch?v=AX96tOm2CPg,I am 87 years old and in all my life I have never witnessed such dirty politics and corruption,118,0,0,0,0
Trump Impeachment,Trey Gowdy reacts to news of unlikely investigation into Obama,https://www.youtube.com/watch?v=pejREEOd4NY,Maybe Goud has something to hide himself and this is why he be a flipping üêü,35,0,1,1,0
Trump Impeachment,Trey Gowdy reacts to news of unlikely investigation into Obama,https://www.youtube.com/watch?v=pejREEOd4NY,"C'mon Trey, what I want to hear is "" I found a way """,0,0,0,0,0
Trump Impeachment,The Five' slams House Democrats' 'impeachment 2.0',https://www.youtube.com/watch?v=AX96tOm2CPg,"2020 and a deer is controlling Twitch, we should have let the virus run it‚Äôs course!",2,0,0,0,0
Trump Impeachment,The Five' slams House Democrats' 'impeachment 2.0',https://www.youtube.com/watch?v=AX96tOm2CPg,"Donald J. Serpico ""THEY'RE DIRTY COPS!!!!!!!!!!!!!!!!""",4,0,1,0,0
Trump Impeachment,The Five' slams House Democrats' 'impeachment 2.0',https://www.youtube.com/watch?v=AX96tOm2CPg,*Put a 8 year old boy in front of Joe Biden and he'll be doing pushups without hands!*,8,1,1,1,1
Trump Impeachment,Trey Gowdy reacts to news of unlikely investigation into Obama,https://www.youtube.com/watch?v=pejREEOd4NY,Lindsey Graham won't do anything. He is just another RINO.,2,0,0,0,0
Trump Impeachment,The Five' slams House Democrats' 'impeachment 2.0',https://www.youtube.com/watch?v=AX96tOm2CPg,The Mueller investigation was pathetic if you remember it. So was Kavenaugh and so was the Ukraine hoax.,55,0,1,1,1
Trump Impeachment,The Five' slams House Democrats' 'impeachment 2.0',https://www.youtube.com/watch?v=AX96tOm2CPg,Good ol Juan trying his best to represent the democrats so the 5 can say their fair and balanced üòÇüòÇüòÇüòÇ your a list cause Juan. üëáüëáüëáüëá,9,0,0,0,0
Trump Impeachment,Trey Gowdy reacts to news of unlikely investigation into Obama,https://www.youtube.com/watch?v=pejREEOd4NY,Nothing will happen to all of the big wigs !! they'll get away with all  of this !!! Double standard !!,11,0,0,0,0
Trump Impeachment,Collins: Trump will get reelected because of Pelosi,https://www.youtube.com/watch?v=1_AGDr1UomY,"On the street, we say ""you don't like my first speed, you won't like my second"" I can't wait for 2024. 2020 is Trumps",2,0,0,0,0
Trump Impeachment,Trey Gowdy reacts to news of unlikely investigation into Obama,https://www.youtube.com/watch?v=pejREEOd4NY,Trey Gowdy....I always thought highly of him but while he was a senator he did alot of talking that amounted to a whole lot of nothing!,0,0,0,0,0
Trump Impeachment,Trey Gowdy reacts to news of unlikely investigation into Obama,https://www.youtube.com/watch?v=pejREEOd4NY,That‚Äôs rich coming from Tre Gowdy. The guy who let Hillary Clinton skate...,10,0,0,0,0
Trump Impeachment,Trey Gowdy reacts to news of unlikely investigation into Obama,https://www.youtube.com/watch?v=pejREEOd4NY,Hey tray what exactly did you do again except talk good line oh that's right let your swamp buddy's go now your gone yourself wow news contributor you must be proud how far you've come up in the world,0,0,0,0,0
Trump Impeachment,The Five' slams House Democrats' 'impeachment 2.0',https://www.youtube.com/watch?v=AX96tOm2CPg,"Juan simply never read the Federal Rules governing grand jury materials.  They are PRIVILEGED -- not because of anything President Trump said -- but because of what the Legislature said in the PAST.  It's called a LAW, Juan -- not a Presidential WISH.  If you can't read, listen to Judge Jeanine.  (Just a suggestion.)",3,0,0,0,0
Trump Impeachment,The Five' slams House Democrats' 'impeachment 2.0',https://www.youtube.com/watch?v=AX96tOm2CPg,"""Impeachment Infinity,"" sounds like a flavor of gourmet ice cream that's in Nancy Pelosi's refrigerator.",3,0,0,0,0
Trump Impeachment,The Five' slams House Democrats' 'impeachment 2.0',https://www.youtube.com/watch?v=AX96tOm2CPg,"House: ""IMPEACH!!! REEEEEEEE!!!""
Senate: ""Lol, no.""",4,0,0,0,0
Trump Impeachment,Collins: Trump will get reelected because of Pelosi,https://www.youtube.com/watch?v=1_AGDr1UomY,"Aside , i KEPT MY EYES DIRECTED ON A LEG REST SWITCH THE WHOLE TIME !!üò≥üò≥üò≥üò≥üò≥üò≥üò≥üò≥üò≥üò≥",4,0,0,0,0
Trump Impeachment,Trey Gowdy reacts to news of unlikely investigation into Obama,https://www.youtube.com/watch?v=pejREEOd4NY,"I like Graham, but if talks the talk, he needs to walk the walk!! Drain the swamp!!",1,0,0,0,0
Trump Impeachment,The Five' slams House Democrats' 'impeachment 2.0',https://www.youtube.com/watch?v=AX96tOm2CPg,"the democrats start so many investigations and impeachments, I can't Remember them all!üòÇüòÇ",59,0,0,0,0
Trump Impeachment,Collins: Trump will get reelected because of Pelosi,https://www.youtube.com/watch?v=1_AGDr1UomY,"Facts: He was impeached in the house and acquitted in the senate, next chapter....",134,0,0,0,0
Trump Impeachment,Trey Gowdy reacts to news of unlikely investigation into Obama,https://www.youtube.com/watch?v=pejREEOd4NY,I hope Trey Gowdy has learned from his mistakes he could be very helpful to the American citizens in the future,0,0,0,0,0
Trump Impeachment,The Five' slams House Democrats' 'impeachment 2.0',https://www.youtube.com/watch?v=AX96tOm2CPg,The 5 has been more entertaining than WWE in the last 12-15 years,4,0,0,0,0
Trump Impeachment,Collins: Trump will get reelected because of Pelosi,https://www.youtube.com/watch?v=1_AGDr1UomY,Gotta win the House or it will continue.,189,0,0,0,0
Trump Impeachment,The Five' slams House Democrats' 'impeachment 2.0',https://www.youtube.com/watch?v=AX96tOm2CPg,"""Did I write a report?"" - Robert Mueller Testimony before Congress",4,0,0,0,0
Trump Impeachment,Trey Gowdy reacts to news of unlikely investigation into Obama,https://www.youtube.com/watch?v=pejREEOd4NY,"Sooooooo... which is it? Speak through indictments, or... There has to be ways to hold people accountable other than indictments?",1,0,0,0,0
Trump Impeachment,The Five' slams House Democrats' 'impeachment 2.0',https://www.youtube.com/watch?v=AX96tOm2CPg,2nd impeachment is going to fail like the 1st one did.,268,0,0,0,0
Trump Impeachment,Collins: Trump will get reelected because of Pelosi,https://www.youtube.com/watch?v=1_AGDr1UomY,Just another dem smokescreen to slow down the incoming revelation's and prevent any charges being dropped on them. KAG.,37,0,0,0,0
Trump Impeachment,Trey Gowdy reacts to news of unlikely investigation into Obama,https://www.youtube.com/watch?v=pejREEOd4NY,Wowwwww here we go again dems are literally a waist of time,1,0,0,0,0
Trump Impeachment,Trey Gowdy reacts to news of unlikely investigation into Obama,https://www.youtube.com/watch?v=pejREEOd4NY,"I am going to repeat this again 
Senator Linsey Graham will actually do absolutely nothing. 
Graham loves being on these shows ,
Talks and acts big but has and will do nothing.",31,0,0,0,0
Trump Impeachment,Trey Gowdy reacts to news of unlikely investigation into Obama,https://www.youtube.com/watch?v=pejREEOd4NY,"Lindsey Graham is ALWAYS going to ""do"" something; trouble is Graham never does get around doing anything.  The more we see of him is he seems to be a RINO.",128,0,0,0,0
Trump Impeachment,Trey Gowdy reacts to news of unlikely investigation into Obama,https://www.youtube.com/watch?v=pejREEOd4NY,Yes!,0,0,0,0,0
Trump Impeachment,The Five' slams House Democrats' 'impeachment 2.0',https://www.youtube.com/watch?v=AX96tOm2CPg,I love these people democrats how they expose and show the world who they are.,5,0,0,0,0
Trump Impeachment,Collins: Trump will get reelected because of Pelosi,https://www.youtube.com/watch?v=1_AGDr1UomY,Who else wants to see Nancy Pelosi in prison?,453,1,1,0,1
Trump Impeachment,Trey Gowdy reacts to news of unlikely investigation into Obama,https://www.youtube.com/watch?v=pejREEOd4NY,"Gram is like me saying I am going to painting my house, I am always going to do it but I never pick up a brush.",0,0,0,0,0
Trump Impeachment,Trey Gowdy reacts to news of unlikely investigation into Obama,https://www.youtube.com/watch?v=pejREEOd4NY,don't worry when the Traitor is out of the WH we will finally make  him accountable,1,0,0,0,0
Trump Impeachment,Trey Gowdy reacts to news of unlikely investigation into Obama,https://www.youtube.com/watch?v=pejREEOd4NY,"It's all they know how to do and they have zero positive agendas to push, so . . . . Impeach, impeach impeach.",1,0,0,0,0
Trump Impeachment,The Five' slams House Democrats' 'impeachment 2.0',https://www.youtube.com/watch?v=AX96tOm2CPg,JUAN ruins The Five with his TDS. I have seen some sane Democrats on social media that could replace him and add actual reasonable discussion on issues. I have to mute him to even watch the show.,48,0,0,0,0
Trump Impeachment,The Five' slams House Democrats' 'impeachment 2.0',https://www.youtube.com/watch?v=AX96tOm2CPg,"Judge Jeanine is absolutely right about Susan Rice's email being an admission of guilt. She even uses quotes every time she types, ""by the book.""",9,0,1,1,1
Trump Impeachment,The Five' slams House Democrats' 'impeachment 2.0',https://www.youtube.com/watch?v=AX96tOm2CPg,"*According to the Left, everybody in Hollywood is also an expert.*",20,0,0,0,0
Trump Impeachment,The Five' slams House Democrats' 'impeachment 2.0',https://www.youtube.com/watch?v=AX96tOm2CPg,"""Jaun"" you have a lot to learn & WILL NEVER EVER change!!",4,0,0,0,0
Trump Impeachment,Trey Gowdy reacts to news of unlikely investigation into Obama,https://www.youtube.com/watch?v=pejREEOd4NY,Trey Gowdy: We need indictment light guys cuz we are friends with the swamp,40,0,0,0,0
Trump Impeachment,The Five' slams House Democrats' 'impeachment 2.0',https://www.youtube.com/watch?v=AX96tOm2CPg,2.0? You mean 5.0.,3,0,0,0,0
Trump Impeachment,The Five' slams House Democrats' 'impeachment 2.0',https://www.youtube.com/watch?v=AX96tOm2CPg,I thought America is a country of equality/justice/logic ?ü§î,89,0,0,0,0
Trump Impeachment,Trey Gowdy reacts to news of unlikely investigation into Obama,https://www.youtube.com/watch?v=pejREEOd4NY,Trey why did yourself and Paul Ryan do the sapena when you had the chance.,18,0,0,0,0
Trump Impeachment,The Five' slams House Democrats' 'impeachment 2.0',https://www.youtube.com/watch?v=AX96tOm2CPg,"What has Pelosi done in the last 4 years
Except go after the nominatied President",71,0,0,0,0
Trump Impeachment,The Five' slams House Democrats' 'impeachment 2.0',https://www.youtube.com/watch?v=AX96tOm2CPg,"so, the coup continues.",6,0,0,0,0
Trump Impeachment,Trey Gowdy reacts to news of unlikely investigation into Obama,https://www.youtube.com/watch?v=pejREEOd4NY,I lost a lot of respect for Gowdy after seeing him on Tucker Carlson last week.,1,0,0,0,0
Trump Impeachment,The Five' slams House Democrats' 'impeachment 2.0',https://www.youtube.com/watch?v=AX96tOm2CPg,Replacing Juan soon? tired of his stupid comments. Shows getting boring.,20,0,0,0,0
Trump Impeachment,Trey Gowdy reacts to news of unlikely investigation into Obama,https://www.youtube.com/watch?v=pejREEOd4NY,"is there a reason gowdy wants ""other ways"" to hold people accountable?  I've don't believe in him anymore",46,0,0,0,0
Trump Impeachment,Trey Gowdy reacts to news of unlikely investigation into Obama,https://www.youtube.com/watch?v=pejREEOd4NY,"I would feel so ashamed of my party if they just continued to launch failed impeachment after failed impeachment. 
Id probably no longer vote for or associate myself with them",18,0,0,0,0
Trump Impeachment,Trey Gowdy reacts to news of unlikely investigation into Obama,https://www.youtube.com/watch?v=pejREEOd4NY,Have they already given up on Jokin‚Äô Joe?,0,1,1,0,1
Trump Impeachment,Collins: Trump will get reelected because of Pelosi,https://www.youtube.com/watch?v=1_AGDr1UomY,"Then in Pelosi‚Äôs eyes, anyone who is accused of a crime and found not guilty is guilty forever. Unless of course its a democrat.",65,0,0,0,0
Trump Impeachment,Collins: Trump will get reelected because of Pelosi,https://www.youtube.com/watch?v=1_AGDr1UomY,"Remove Dems from the House in Nov, their anti-Trump psychosis makes them incapable of running the country",79,0,0,0,0
Trump Impeachment,The Five' slams House Democrats' 'impeachment 2.0',https://www.youtube.com/watch?v=AX96tOm2CPg,They keep this up the swamp is going to drain themselves,7,0,0,0,0
Trump Impeachment,Trey Gowdy reacts to news of unlikely investigation into Obama,https://www.youtube.com/watch?v=pejREEOd4NY,I found the origin of the Russian probe! ‚ÄúRussia if you‚Äôre listening please help‚Äù There you go,1,0,0,0,0
Trump Impeachment,Collins: Trump will get reelected because of Pelosi,https://www.youtube.com/watch?v=1_AGDr1UomY,"ha ha"" pelosi"" must be putin's new nickname.",86,0,0,0,0
Trump Impeachment,Collins: Trump will get reelected because of Pelosi,https://www.youtube.com/watch?v=1_AGDr1UomY,If mike Bloomberg is elected as president with Hillary as his Vice President he will last less time than president William Henry Harrison,15,0,1,0,1
Trump Impeachment,The Five' slams House Democrats' 'impeachment 2.0',https://www.youtube.com/watch?v=AX96tOm2CPg,Just elect me as President. I need more votes.,14,0,0,0,0
Trump Impeachment,Trey Gowdy reacts to news of unlikely investigation into Obama,https://www.youtube.com/watch?v=pejREEOd4NY,"trey gowdy:  from celebrated former prosecutor to the manchild""s mouthpiece!  poor man!",0,0,0,0,0
Trump Impeachment,The Five' slams House Democrats' 'impeachment 2.0',https://www.youtube.com/watch?v=AX96tOm2CPg,"can we call it the ""Four"" from now on?, or the Five minus Juan. good lord!",3,0,0,0,0
Trump Impeachment,Collins: Trump will get reelected because of Pelosi,https://www.youtube.com/watch?v=1_AGDr1UomY,"I was talking to a friend who was concerned that Joe Biden would be elected.
""If this mushbrain gets in, 401k's and the stock market will...""
""Trump's already won re-election,"" I said.
""I dunno, man. The Democrats...""
*""Trump's already won re-election.""*",8,0,0,0,0
Trump Impeachment,Trey Gowdy reacts to news of unlikely investigation into Obama,https://www.youtube.com/watch?v=pejREEOd4NY,*It's amazing how many Democrats are begging to have their rights and property taken away.*,43,0,0,0,0
Trump Impeachment,Trey Gowdy reacts to news of unlikely investigation into Obama,https://www.youtube.com/watch?v=pejREEOd4NY,Lindsey is right up thier with the late John McCain,62,0,0,0,0
Trump Impeachment,The Five' slams House Democrats' 'impeachment 2.0',https://www.youtube.com/watch?v=AX96tOm2CPg,"Juan, you're fired.",25,0,0,0,0
Trump Impeachment,Collins: Trump will get reelected because of Pelosi,https://www.youtube.com/watch?v=1_AGDr1UomY,Get the house back and we can move forward,88,0,0,0,0
Trump Impeachment,The Five' slams House Democrats' 'impeachment 2.0',https://www.youtube.com/watch?v=AX96tOm2CPg,Juan= Would rather die than admit his party is full of lying fools.,164,0,0,0,0
Trump Impeachment,The Five' slams House Democrats' 'impeachment 2.0',https://www.youtube.com/watch?v=AX96tOm2CPg,"PRESIDENT TRUMP IS THE BEST. 
YOU HAVE MY VOTE IN NOVEMBER.",13,0,0,0,0
Trump Impeachment,Trey Gowdy reacts to news of unlikely investigation into Obama,https://www.youtube.com/watch?v=pejREEOd4NY,Wonderful.  A new impeachment to hold our attention while the next plague rolls in.  Or a swarm of locusts or invasion of pythons.,4,0,0,0,0
Trump Impeachment,Trey Gowdy reacts to news of unlikely investigation into Obama,https://www.youtube.com/watch?v=pejREEOd4NY,Ain't it beautiful  to watch the dems end there own party. All we have to do is vote in November.  Until then just set back and watch the clown car keep running into the wall over and over again. GO DEMOCRUDS GO.,7,0,0,0,0
Trump Impeachment,The Five' slams House Democrats' 'impeachment 2.0',https://www.youtube.com/watch?v=AX96tOm2CPg,"I guess liberals, mainstream media and democrats all have coronavirus and TDS ü§îü§î",3,1,1,0,1
Trump Impeachment,The Five' slams House Democrats' 'impeachment 2.0',https://www.youtube.com/watch?v=AX96tOm2CPg,"*Hussein Obama: ""Oh yes, you were right Michael... I mean Michelle. Yours IS bigger!""*",100,1,1,0,1
Trump Impeachment,The Five' slams House Democrats' 'impeachment 2.0',https://www.youtube.com/watch?v=AX96tOm2CPg,"They CAN'T do anything else, that is why they continue impeachment",244,0,0,0,0
Trump Impeachment,The Five' slams House Democrats' 'impeachment 2.0',https://www.youtube.com/watch?v=AX96tOm2CPg,"Oh goody, some more tax payers money spend by the Left while in the house doing nothing.",50,0,0,0,0
Trump Impeachment,Trey Gowdy reacts to news of unlikely investigation into Obama,https://www.youtube.com/watch?v=pejREEOd4NY,"Guess what everyone, the democrats are launching an 'investigation', guess what it is about..... TRUMP, 
What a coinsedence, NOT!!",13,0,0,0,0
Trump Impeachment,Trey Gowdy reacts to news of unlikely investigation into Obama,https://www.youtube.com/watch?v=pejREEOd4NY,"If they did it, prosecute. This whole thing is ‚Äúunprecedented‚Äù. The conclusion may also be. Refusing to do what is right is obviously ‚Äúwrong‚Äù!",1,0,0,0,0
Trump Impeachment,The Five' slams House Democrats' 'impeachment 2.0',https://www.youtube.com/watch?v=AX96tOm2CPg,"I guess they better hurry, they only have five months before Trump is re elected and they are unelected",8,0,0,0,0
Trump Impeachment,Trey Gowdy reacts to news of unlikely investigation into Obama,https://www.youtube.com/watch?v=pejREEOd4NY,"Let me get this straight:  If someone is guilty of TREASON, SEDITION, ABUSE OF PROCESS,  etc .,  there are ways of punishing this OTHER THAN incarceration  ‚ú≥‚ú≥‚ú≥ W H A T  ‚ùì‚ùó‚ùì‚ùó‚ùì‚ùó‚ùì‚ùì‚ùì",4,0,0,0,0
Trump Impeachment,Collins: Trump will get reelected because of Pelosi,https://www.youtube.com/watch?v=1_AGDr1UomY,WHY DOESN'T SHE CLEAN UP HER DISTRICT? PEOPLE THERE ARE TAKING SCHIFFS RIGHT IN THE DAM STREET.,23,1,0,0,0
Trump Impeachment,Trey Gowdy reacts to news of unlikely investigation into Obama,https://www.youtube.com/watch?v=pejREEOd4NY,"Should i walk into a bank and hold it up I would be in fear of losing my liberty.
Seems that if im a democrat I can Rob 24/7 in any way I choose......and my punishment? AG Barr telling me to carry on coz as a democrat im untouchable...an invisible aura of invinceability floating around my freezer and ice cream supply.
UNT√íUCHABLE.",0,0,0,0,0
Trump Impeachment,Trey Gowdy reacts to news of unlikely investigation into Obama,https://www.youtube.com/watch?v=pejREEOd4NY,Another impeachment witch hunt that will be unfounded just shows how desperate the Democrats really are since there only hope is Creepy Joe Biden,32,0,1,0,1
Trump Impeachment,Trey Gowdy reacts to news of unlikely investigation into Obama,https://www.youtube.com/watch?v=pejREEOd4NY,lol Dana loves it... so far. :D,0,0,0,0,0
Trump Impeachment,The Five' slams House Democrats' 'impeachment 2.0',https://www.youtube.com/watch?v=AX96tOm2CPg,*Wasn't Robert Byrd of WV a member of the Klan? Of course he was an icon in the Democratic party.*,32,1,1,0,1
Trump Impeachment,Collins: Trump will get reelected because of Pelosi,https://www.youtube.com/watch?v=1_AGDr1UomY,Trump is going to get reelected because of the American people want four more years of winning.,38,0,0,0,0
Trump Impeachment,Trey Gowdy reacts to news of unlikely investigation into Obama,https://www.youtube.com/watch?v=pejREEOd4NY,Impeach this Demonrats.,2,0,0,0,0
Trump Impeachment,The Five' slams House Democrats' 'impeachment 2.0',https://www.youtube.com/watch?v=AX96tOm2CPg,"*""the fascists of the future will call themselves antifascist""........ and here we are.....ANTIFA*",44,1,0,0,0
Trump Impeachment,Trey Gowdy reacts to news of unlikely investigation into Obama,https://www.youtube.com/watch?v=pejREEOd4NY,"talk for 3:46 , and we know one thing for sure, 2 sets of laws",15,0,0,0,0
Trump Impeachment,The Five' slams House Democrats' 'impeachment 2.0',https://www.youtube.com/watch?v=AX96tOm2CPg,Juan's stupidity is always on display.  Thanks Juan.  You are always helping to bring more Democrat voters over to the Republican side who still may have an ounce of sanity left.,4,0,0,0,0
Trump Impeachment,Collins: Trump will get reelected because of Pelosi,https://www.youtube.com/watch?v=1_AGDr1UomY,anyone else waiting for that sharon stone moment?,11,0,0,0,0
Trump Impeachment,Trey Gowdy reacts to news of unlikely investigation into Obama,https://www.youtube.com/watch?v=pejREEOd4NY,We still have dying of old age and God.,2,0,0,0,0
Trump Impeachment,The Five' slams House Democrats' 'impeachment 2.0',https://www.youtube.com/watch?v=AX96tOm2CPg,"Whenever I see a demoRAT I think about all the times they used people's LIVE'S to get thier agenda through!!! Since they care so much about people's lives, why don't they focuse on helping people out, instead of using Covid as in excuse to blame Trump?!!",23,1,0,0,0